<?xml version="1.0" encoding="UTF-8"?>
<window type="dialog" id="1115">
    <defaultcontrol always="true">9000</defaultcontrol>
    <onunload>ClearProperty(CustomDialogPresetTitle,Home)</onunload>
    <onunload>ClearProperty(CustomDialogPresetItems,Home)</onunload>
    <controls>
        <include>Object_Overlay</include>
        <include content="Dialog_Background">
            <include>Animation_SlideIn_Dialog</include>
            <width>optionsmenu_w</width>
            <height>640</height>
            <centertop>50%</centertop>
            <centerleft>50%</centerleft>
            <include content="Object_MenuHeader">
                <param name="label">$INFO[Window(Home).Property(CustomDialogPresetTitle)]</param>
            </include>
            <include content="Object_Control">
                <param name="control" value="grouplist" />
                <param name="id" value="9000" />
                <top>120</top>
                <bottom>40</bottom>
                <orientation>vertical</orientation>
                <itemgap>0</itemgap>
                <onleft>Close</onleft>
                <onright>Close</onright>
                <include condition="String.IsEqual(Window(Home).Property(CustomDialogPresetItems),Items_DialogPreset_Colors)">Items_DialogPreset_Colors</include>
                <include condition="String.IsEqual(Window(Home).Property(CustomDialogPresetItems),Items_DialogPreset_MenuStyles)">Items_DialogPreset_MenuStyles</include>
                <!-- INI Jon - Include en el dialogo preset para abrir el diálogo con el selector de estilo de iconos de MPAA. -->
                <include condition="String.IsEqual(Window(Home).Property(CustomDialogPresetItems),Items_DialogPreset_MPAAIcons)">Items_DialogPreset_MPAAIcons</include>
                <!-- FIN Jon -->
                <include content="Dialog_Settings_Button">
                    <param name="id" value="9099" />
                    <param name="control" value="button" />
                    <label>$LOCALIZE[15067]</label>
                    <onclick>Close</onclick>
                </include>
            </include>
        </include>
    </controls>
</window>