<addon id="skin.arctic.horizon.2.recauchutado" name="Arctic Horizon 2 Recauchutado" provider-name="Jon y Joseska" version="0.2">
    <requires>
        <import addon="xbmc.gui" version="5.15.0" />
        <import addon="script.skinshortcuts" version="0.4.0" />
        <import addon="script.skinvariables" version="1.0.0" />
        <import addon="script.texturemaker" version="0.2.8" />
        <import addon="plugin.video.themoviedb.helper" version="5.1.11~nexus" />
        <import addon="resource.images.weathericons.white" version="0.0.1" />
        <import addon="resource.images.studios.coloured" version="0.0.1" />
        <import addon="resource.font.robotocjksc" version="0.0.1" />
    </requires>
    <extension debugging="false" defaultthemename="Textures.xbt" effectslowdown="1" point="xbmc.gui.skin">
        <res aspect="16:9" default="true" folder="1080i" height="1080" width="1920" />
    </extension>
    <extension point="xbmc.addon.metadata">
        <summary lang="en">Minimal. Classic. Gradients. Widgets.</summary>
        <description lang="en">Todos los honores para jurialmunkey y su Arctic Horizon 2</description>
        <platform>all</platform>
        <license>Creative Commons Attribution Non-Commercial Share-Alike 4.0</license>
        <forum />
        <source />
        <assets>
            <icon>icon.png</icon>
            <fanart>fanart.jpg</fanart>
        </assets>
    </extension>
</addon>
