<addon id="skin.arctic.horizon.2.recauchutado" name="Arctic Horizon 2 Recauchutado" provider-name="Team Recauchutado" version="0.3">
    <requires>
        <import addon="xbmc.gui" version="5.17.0" />
        <import addon="script.skinshortcuts" version="0.4.0" />
        <import addon="script.skinvariables" version="1.0.0" />
        <import addon="script.texturemaker" version="0.2.8" />
        <import addon="plugin.video.themoviedb.helper" version="95.2.21~nexus" />
        <import addon="resource.images.weathericons.white" version="0.0.1" />
        <import addon="resource.images.studios.coloured" version="0.0.1" />
        <import addon="resource.font.robotocjksc" version="0.0.1" />
        <import addon="script.wikipedia" version="0.0.6" />
    </requires>
    <extension debugging="false" defaultthemename="Textures.xbt" effectslowdown="1" point="xbmc.gui.skin">
        <res aspect="16:9" default="true" folder="1080i" height="1080" width="1920" />
    </extension>
    <extension point="xbmc.service" library="service.py" start="startup" />
    <extension point="xbmc.addon.metadata">
        <summary lang="en">Minimal. Classic. Gradients. Widgets.</summary>
		<summary lang="es_ES">Mínimo. Clásico. Gradientes. Widgets.</summary>
        <description lang="en">Mod del famoso Arctic Horizon 2 de Jurialmunkey, adaptado para funcionar con otros addons y con algunas mejoras adicionales</description>
		<description lang="es_ES">Mod del famoso Arctic Horizon 2 de Jurialmunkey, adaptado para funcionar con otros addons y con algunas mejoras adicionales</description>
		<disclaimer lang="es_ES">Todos los honores para jurialmunkey y su Arctic Horizon 2</disclaimer>
        <platform>all</platform>
        <license>Creative Commons Attribution Non-Commercial Share-Alike 4.0</license>
        <forum />
        <source />
		<news>Versión 0.3 - 21/03/2024
- [x] Clearlogo en vista Temporadas, Capítulos (dependiente de TMDB Helper del Repositorio Joseska).
- [x] Valoraciones en la vista de Temporadas, Capítulos (dependiente de TMDB Helper del Repositorio Joseska).
- [x] Clearlogo en el OSD (Reproductor de videos) (dependiente de TMDB Helper del Repositorio Joseska).
- [x] Clearlogo en vista Temporadas, Capítulos (dependiente de TMDB Helper del Repositorio Joseska).
- [x] Marcadores y capítulos en el OSD (Reproductor de videos). Situados en el grupo de botones de la izquierda en el OSD, pulsar abajo.
- [x] Elenco y mas información en el OSD (Reproductor de videos). Situados en el grupo de botones de la derecha en el OSD, pulsar abajo dos veces.
- [x] Traducir los textos acompañantes de las fechas de emisión/estreno en la línea de información (infoline).
- [x] Visualizar cambios en addons en la vista de addons (news).
		</news>
        <assets>
            <icon>icon.png</icon>
            <fanart>fanart.jpg</fanart>
        </assets>
    </extension>
</addon>
