<?xml version="1.0" encoding="UTF-8"?>
<window type="dialog">
    <include content="Object_DefaultControl" condition="!Skin.HasSetting(DialogInfo.FocusButtons)">
        <param name="always">true</param>
        <param name="defaultcontrol">5000</param>
    </include>
    <include content="Object_DefaultControl" condition="Skin.HasSetting(DialogInfo.FocusButtons) + !$EXP[Exp_IsPersonInfo]">
        <param name="always">true</param>
        <param name="defaultcontrol">5001</param>
    </include>
    <include content="Object_DefaultControl" condition="Skin.HasSetting(DialogInfo.FocusButtons) + $EXP[Exp_IsPersonInfo]">
        <param name="always">true</param>
        <param name="defaultcontrol">5010</param>
    </include>
    <menucontrol>4000</menucontrol>
    <onload condition="String.IsEqual(Window(Home).Property(AutoTrailerCount),1)">ClearProperty(AutoTrailerCount)</onload>
    <!-- <onload condition="Player.HasVideo + String.IsEqual(Window(Home).Property(AutoTrailerCount),1)">Action(Stop)</onload> -->
    <!-- Joseska - Si está el trailer activo. Pararlo  -->
    <onload condition="$EXP[AutoTrailerStop]">Action(Stop)</onload>
    <onfocus>AlarmClock(ClearRecLoading,ClearProperty(Recommendations.IsLoading,Home),00:00,silent)</onfocus>
    <onunload>ClearProperty(HasTrailer,Home)</onunload>
    <controls>

        <include condition="Window.IsVisible(1191) | Window.IsVisible(fullscreenvideo)">Background_Main</include>
        <include>Defs_TMDbHelper_Loader</include>

        <include content="DialogInfo_MainGroup">
            <!-- Joseska - onright Página Información. ids 9801 y 9802 SOLO en tvshow. El resto en linea 74.  -->
            <control type="group">
                <visible>String.ISEqual(ListItem.DBType,tvshow) | String.ISEqual(ListItem.DBType,season) | String.ISEqual(ListItem.DBType,episode)</visible>
                <include>DialogInfo_CollectionsNode2</include>
            </control>
            <!-- Joseska - Nueva Vista Trailers en Español.  -->
            <include>DialogInfo_youtube2</include>
            <!-- FIN Joseska  -->

            <include content="DialogInfo_ButtonGroup">
                <param name="include">Items_DialogVideoInfo_MenuBar</param>
            </include>
            <!-- Joseska - botones extension de Trailers  -->
            <include content="DialogInfo_ButtonGroup_Trailer2">
                <param name="include">Items_DialogVideoInfo_Trailers2</param>
            </include>
            <include>DialogInfo_ButtonHidden</include>
            <include content="DialogInfo_SlideGroup">
                <include content="DialogInfo_LeftGroup">
                    <include content="DialogInfo_PullTab">
                        <centertop>280</centertop>
                    </include>
                </include>
                <include content="DialogInfo_RightGroup">
                    <control type="group">
                        <visible>!Control.HasFocus(7001) | !Player.HasVideo</visible>
                        <visible>!Control.HasFocus(7003)</visible>

                        <animation effect="fade" start="0" end="100" time="400" delay="400" reversible="false">Visible</animation>
                        <animation effect="fade" start="100" end="0" time="200" reversible="false">Hidden</animation>


                        <control type="group">
                            <visible>!Control.HasFocus(61)</visible>

                            <!-- Joseska - Video Info NO 9801/9802-->
                            <include content="Info_Panel" condition="!$EXP[Exp_IsPersonInfo]">
                                <param name="plotwidth" value=880 />
                                <param name="details">![Control.HasFocus(9801) | Control.HasFocus(9802)]</param>
                            </include>

                            <!-- Joseska - Video Info Películas 9801/9802-->
                            <include content="Info_Panel" condition="!$EXP[Exp_IsPersonInfo]">
                                <param name="plotwidth" value=880 />
                                <param name="plotlabel" value="" />
                                <param name="ratings" value="false" />
                                <param name="details">![String.ISEqual(ListItem.DBType,tvshow) | String.ISEqual(ListItem.DBType,season) | String.ISEqual(ListItem.DBType,episode)] + [Control.HasFocus(9801) | Control.HasFocus(9802)]</param>
                            </include>

                            <!-- Joseska - Video Info Series 9801/9802-->
                            <include content="Info_Panel" condition="!$EXP[Exp_IsPersonInfo]">
                                <param name="plotwidth" value=880 />
                                <param name="plotlabel" value="" />
                                <!-- <param name="plotheight" value="info_plot_large_h" /> -->
                                <param name="details">[String.ISEqual(ListItem.DBType,tvshow) | String.ISEqual(ListItem.DBType,season) | String.ISEqual(ListItem.DBType,episode)] + [Control.HasFocus(9801) | Control.HasFocus(9802) | Control.HasFocus(9804)]</param>
                            </include>

                            <!-- Person Info -->
                            <include content="Info_Panel" condition="$EXP[Exp_IsPersonInfo]">
                                <param name="plotheight" value="info_plot_person_h" />
                                <param name="details">![Control.HasFocus(9801) | Control.HasFocus(9802) | Control.HasFocus(9804)]</param>
                            </include>

                            <!-- Video Details -->
                            <include content="DialogInfo_VideoDetails" condition="!$EXP[Exp_IsPersonInfo]">
                                <top>390</top>
                                <bottom>grid_x08</bottom>
                                <visible>![Control.HasFocus(9801) | Control.HasFocus(9802) | Control.HasFocus(9804)]</visible>
                            </include>
                            <!-- Joseska - onright Página Información. ids 9801 y 9802 en el resto  -->
                            <!-- Episode List -->
                            <!-- <include>DialogInfo_CollectionsNode</include> -->
                            <control type="group">
                                <visible>![String.ISEqual(ListItem.DBType,tvshow) | String.ISEqual(ListItem.DBType,season) | String.ISEqual(ListItem.DBType,episode)]</visible>
                                <include>DialogInfo_CollectionsNode</include>
                            </control>
                            <!-- FIN Joseska  -->
                        </control>
                    </control>
                    <include>DialogInfo_VideoTrailer</include>
                    <include>DialogInfo_PlotBox</include>
                    <include>DialogInfo_ArtworkGallery</include>
                </include>
            </include>
        </include>

        <include condition="Skin.HasSetting(Recommendations.UseLocal)" content="DialogInfo_LocalRecommendations">
            <onup condition="!Skin.HasSetting(DialogInfo.FocusButtons)">SetFocus(5000)</onup>
            <onup condition="Skin.HasSetting(DialogInfo.FocusButtons)">SetFocus(4000)</onup>
            <ondown>330</ondown>
            <visible>ControlGroup(6000).HasFocus()</visible>
            <include>Animation_Recommendations_Visible</include>
        </include>

        <include content="Object_Control" condition="Skin.HasSetting(Recommendations.UseLocal)">
            <param name="control">group</param>
            <visible>ControlGroup(6000).HasFocus()</visible>
            <include>Animation_FadeIn</include>
            <include>Animation_FadeOut</include>
            <include content="Object_WallFade">
                <param name="id">6000</param>
                <param name="direction_buttons">true</param>
            </include>
        </include>

        <include content="DialogInfo_Furniture">
            <param name="downarrow_visible">true</param>
        </include>

        <include content="Object_Options_Menu">
            <param name="grouplist_items">Items_DialogVideoInfo_Options</param>
            <param name="visible">!$EXP[Exp_OverlayDialogs]</param>
            <param name="onback">7003</param>
            <param name="use_mouse_focus">true</param>
        </include>

        <include>DialogInfo_VideoTrailerFullscreen</include>
        <include>DialogInfo_RecommendationsButton</include>
        <include>DialogInfo_FilePathInfo</include>
    </controls>
</window>
