<?xml version="1.0" encoding="UTF-8"?>
<window>
    <defaultcontrol always="true">30001</defaultcontrol>
    <onload>RunScript(plugin.video.themoviedb.helper,kodi_setting=myvideos.selectaction,property=KodiSetting.DefaultSelectAction)</onload>
    <onunload>RunScript(script.skinshortcuts,type=buildxml&amp;mainmenuID=300&amp;levels=5&amp;group=mainmenu|powermenu|searchmenu)</onunload>
    <controls>
        <include content="Background_Main">
            <param name="plain_background">true</param>
        </include>
        <include content="Dialog_SettingsCategory_Background">
            <include content="Dialog_SettingsCategory_ChangerGroup">
                <include content="Dialog_SettingsCategory_LeftGroup">
                    <control type="list" id="3">
                        <top>grid_x08</top>
                        <width>settings_category_w</width>
                        <onleft>30000</onleft>
                        <onup>3</onup>
                        <onright>5</onright>
                        <ondown>3</ondown>
                        <pagecontrol>61</pagecontrol>
                        <itemlayout height="grid_x07">
                            <control type="label">
                                <textoffsetx>grid_x04</textoffsetx>
                                <label>$INFO[ListItem.Label]</label>
                            </control>
                        </itemlayout>
                        <focusedlayout height="grid_x08">
                            <control type="label">
                                <visible>ControlGroup(30000).HasFocus()</visible>
                                <textoffsetx>grid_x04</textoffsetx>
                                <label>$INFO[ListItem.Label]</label>
                            </control>
                            <control type="group">
                                <visible>!ControlGroup(30000).HasFocus()</visible>
                                <control type="image">
                                    <include>Texture_Highlight</include>
                                </control>
                                <control type="label">
                                    <textcolor>$VAR[ColorSelected]</textcolor>
                                    <textoffsetx>grid_x04</textoffsetx>
                                    <label>$INFO[ListItem.Label]</label>
                                </control>
                            </control>
                        </focusedlayout>
                        <content>
                            <item id="1">
                                <label>$LOCALIZE[31177]</label>
                            </item>
                            <item id="2">
                                <label>$LOCALIZE[480]</label>
                            </item>
                            <item id="3">
                                <label>$LOCALIZE[31174]</label>
                            </item>
                            <item id="4">
                                <label>$LOCALIZE[31180]</label>
                            </item>
                            <item id="5">
                                <label>$LOCALIZE[31186]</label>
                            </item>
                            <item id="6">
                                <label>$LOCALIZE[33029]</label>
                            </item>
                            <item id="7">
                                <label>$LOCALIZE[39024]</label>
                            </item>
                            <item id="8">
                                <label>$LOCALIZE[31350]</label>
                            </item>
                            <item id="9">
                                <label>Soporte</label>
                            </item>
                        </content>
                    </control>

                    <!-- Right Settings -->
                    <include content="Dialog_SettingsCategory_RightGroup">
                        <param name="info_label" value="$INFO[Container(3).ListItem.Label2]" />
                        <control type="grouplist" id="5">
                            <onleft>3</onleft>
                            <bottom>grid_x08</bottom>

                            <!-- Home -->
                            <include content="Dialog_Settings_Label" description="Home Label">
                                <param name="id">1000</param>
                                <label>$LOCALIZE[31177]</label>
                                <visible>Container(3).HasFocus(1)</visible>
                            </include>
                            <include content="Dialog_Settings_Button" description="SkinShortcuts HomeMenu">
                                <param name="id">1001</param>
                                <label>$LOCALIZE[31080]</label>
                                <visible>Container(3).HasFocus(1)</visible>
                                <onclick>RunScript(script.skinshortcuts,type=manage&amp;group=mainmenu)</onclick>
                            </include>
                            <include content="Dialog_Settings_Button" description="SkinShortcuts PowerMenu">
                                <param name="id">1002</param>
                                <label>$LOCALIZE[31086]</label>
                                <visible>Container(3).HasFocus(1)</visible>
                                <onclick>RunScript(script.skinshortcuts,type=manage&amp;group=powermenu)</onclick>
                            </include>
                            <include content="Dialog_Settings_Button" description="SkinShortcuts SearchMenu">
                                <param name="id">1003</param>
                                <label>$LOCALIZE[31151]</label>
                                <visible>Container(3).HasFocus(1)</visible>
                                <onclick>RunScript(script.skinshortcuts,type=manage&amp;group=searchmenu)</onclick>
                            </include>
                            <include content="Dialog_Settings_Button" description="Search Menu Toggle">
                                <param name="id">1004</param>
                                <param name="control">radiobutton</param>
                                <label>$LOCALIZE[31250]</label>
                                <visible>Container(3).HasFocus(1)</visible>
                                <selected>!Skin.HasSetting(Home.DisableSearchMenu)</selected>
                                <onclick>Skin.ToggleSetting(Home.DisableSearchMenu)</onclick>
                            </include>
                            <include content="Dialog_Settings_Button" description="Menu focus position">
                                <param name="id">1012</param>
                                <label>$LOCALIZE[31376]</label>
                                <label2>$INFO[Skin.String(Home.MenuPosition)]</label2>
                                <visible>Container(3).HasFocus(1)</visible>
                                <onclick>Skin.SetNumeric(Home.MenuPosition)</onclick>
                            </include>
                            <include content="Dialog_Settings_Button" description="Iconic Menu Toggle">
                                <param name="id">1005</param>
                                <param name="control">button</param>
                                <label>$LOCALIZE[31175]</label>
                                <label2>$VAR[Label_Setting_MenuStyle]</label2>
                                <visible>Container(3).HasFocus(1)</visible>
                                <onclick>SetProperty(CustomDialogPresetTitle,$LOCALIZE[31175],Home)</onclick>
                                <onclick>SetProperty(CustomDialogPresetItems,Items_DialogPreset_MenuStyles,Home)</onclick>
                                <onclick>ActivateWindow(1115)</onclick>
                            </include>

                            <include content="Dialog_Settings_Label" description="Home Label">
                                <param name="id">1006</param>
                                <label>$LOCALIZE[31103]</label>
                                <visible>Container(3).HasFocus(1)</visible>
                            </include>
                            <include content="Dialog_Settings_Button" description="Expanded widget style">
                                <param name="id">1007</param>
                                <param name="control" value="button" />
                                <label>$LOCALIZE[31356]</label>
                                <label2>$VAR[Label_Setting_Expanded]</label2>
                                <visible>Container(3).HasFocus(1)</visible>
                                <onclick condition="Skin.HasSetting(Widgets.ExpandedHeader)">Skin.Reset(Widgets.ExpandedHeader)</onclick>
                                <onclick condition="Skin.HasSetting(Widgets.ExpandedHeader)">Skin.Reset(Widgets.ExpandedFooter)</onclick>

                                <onclick condition="!Skin.HasSetting(Widgets.ExpandedHeader)">Skin.SetBool(Widgets.ExpandedHeader)</onclick>
                                <onclick condition="!Skin.HasSetting(Widgets.ExpandedHeader)">Skin.SetBool(Widgets.ExpandedFooter)</onclick>
                            </include>

                            <include content="Dialog_Settings_Button">
                                <param name="id">1013</param>
                                <param name="control" value="radiobutton" />
                                <label>$LOCALIZE[31377]</label>
                                <visible>Container(3).HasFocus(1)</visible>
                                <onclick>Skin.ToggleSetting(Home.CleanWidgets)</onclick>
                                <selected>!Skin.HasSetting(Home.CleanWidgets)</selected>
                            </include>

                            <include content="Dialog_Settings_Button" description="Show more widget">
                                <param name="id">1009</param>
                                <param name="control">radiobutton</param>
                                <label>$LOCALIZE[31254]</label>
                                <visible>Container(3).HasFocus(1)</visible>
                                <selected>Skin.HasSetting(Home.EnableShowMoreWidget)</selected>
                                <onclick>Skin.ToggleSetting(Home.EnableShowMoreWidget)</onclick>
                            </include>

                            <include content="Dialog_Settings_Button" description="PVR Widgets Focus">
                                <param name="id">1010</param>
                                <param name="control">radiobutton</param>
                                <label>$LOCALIZE[31247]</label>
                                <visible>Container(3).HasFocus(1)</visible>
                                <onclick>Skin.ToggleSetting(Widgets.OpaqueFocus)</onclick>
                                <selected>Skin.HasSetting(Widgets.OpaqueFocus)</selected>
                            </include>
                            <include content="Dialog_Settings_Button">
                                <param name="id">1011</param>
                                <param name="control" value="radiobutton" />
                                <label>$LOCALIZE[31349]</label>
                                <visible>Container(3).HasFocus(1)</visible>
                                <visible>!String.IsEqual(Window(Home).Property(TMDbHelper.KodiSetting.DefaultSelectAction),$NUMBER[3])</visible>
                                <onclick>Skin.ToggleSetting(Widgets.FullScreenContext)</onclick>
                                <selected>Skin.HasSetting(Widgets.FullScreenContext)</selected>
                            </include>

                            <include content="Dialog_Settings_Label" description="Expert">
                                <param name="id">1090</param>
                                <label>$LOCALIZE[10039]</label>
                                <visible>Container(3).HasFocus(1)</visible>
                            </include>
                            <include content="Dialog_Settings_Button" description="Nuke Skinshortcuts">
                                <param name="id">1091</param>
                                <label>$LOCALIZE[31230]</label>
                                <visible>Container(3).HasFocus(1)</visible>
                                <onclick>RunScript(script.skinshortcuts,type=resetall)</onclick>
                            </include>

                            <!-- Appearance -->
                            <include content="Dialog_Settings_Label" description="LooknFeel Label">
                                <param name="id">2000</param>
                                <label>$LOCALIZE[24997]</label>
                                <visible>Container(3).HasFocus(2)</visible>
                            </include>
                            <include content="Dialog_Settings_Button" description="SkinVariables ViewTypes">
                                <param name="id">2002</param>
                                <label>$LOCALIZE[31220]</label>
                                <visible>Container(3).HasFocus(2)</visible>
                                <onclick>runscript(script.skinvariables,action=buildviews,configure)</onclick>
                            </include>
                            <include content="Dialog_Settings_Button" description="Customise Appearance">
                                <param name="id">2003</param>
                                <label>$LOCALIZE[31007]</label>
                                <visible>Container(3).HasFocus(2)</visible>
                                <onclick>ActivateWindow(1112)</onclick>
                            </include>
                            <include content="Dialog_Settings_Button" description="Customise Startup">
                                <param name="id">2004</param>
                                <label>$LOCALIZE[31255]</label>
                                <visible>Container(3).HasFocus(2)</visible>
                                <onclick>SetProperty(CustomDialogSettingsTitle,[CAPITALIZE]$LOCALIZE[31255][/CAPITALIZE],Home)</onclick>
                                <onclick>SetProperty(CustomDialogSettingsItems,Items_Settings_CustomStartup,Home)</onclick>
                                <onclick>ActivateWindow(1118)</onclick>
                                <label2>$INFO[Skin.String(Startup.ImageFolder)]</label2>
                            </include>
                            <include content="Dialog_Settings_Label" description="Selectbox Label">
                                <param name="id">2014</param>
                                <label>$LOCALIZE[31336]</label>
                                <visible>Container(3).HasFocus(2)</visible>
                            </include>
                            <include content="Dialog_Settings_Button" description="Color Selector">
                                <param name="id">2001</param>
                                <label>$LOCALIZE[31227]</label>
                                <visible>Container(3).HasFocus(2)</visible>
                                <onclick>SetProperty(CustomDialogPresetTitle,$LOCALIZE[14078],Home)</onclick>
                                <onclick>SetProperty(CustomDialogPresetItems,Items_DialogPreset_Colors,Home)</onclick>
                                <onclick>ActivateWindow(1115)</onclick>
                            </include>
                            <include content="Dialog_Settings_Button">
                                <param name="id">2005</param>
                                <param name="control" value="button" />
                                <label>$LOCALIZE[31336]</label>
                                <label2>$VAR[Label_Setting_SelectboxStyle]</label2>
                                <visible>Container(3).HasFocus(2)</visible>
                                <onclick>Skin.ToggleSetting(SelectBox.Thin)</onclick>
                            </include>
                            <include content="Dialog_Settings_Button">
                                <param name="id">2010</param>
                                <param name="control" value="button" />
                                <label>$LOCALIZE[31357]</label>
                                <label2>$VAR[Label_Setting_SelectboxShadow]</label2>
                                <visible>Container(3).HasFocus(2)</visible>
                                <onclick>Skin.ToggleSetting(SelectBox.Glow)</onclick>
                            </include>
                            <include content="Dialog_Settings_Label" description="Background Label">
                                <param name="id">2013</param>
                                <label>$LOCALIZE[31324]</label>
                                <visible>Container(3).HasFocus(2)</visible>
                            </include>
                            <include content="Dialog_Settings_Button" description="Background video">
                                <param name="id">2006</param>
                                <param name="control" value="radiobutton" />
                                <label>$LOCALIZE[31204]</label>
                                <visible>Container(3).HasFocus(2)</visible>
                                <onclick>Skin.ToggleSetting(UseBackgroundVideo)</onclick>
                                <selected>Skin.HasSetting(UseBackgroundVideo)</selected>
                            </include>
                            <include content="Dialog_Settings_Button" description="Customise Background">
                                <param name="id">2011</param>
                                <label>$LOCALIZE[31361]</label>
                                <visible>Container(3).HasFocus(2)</visible>
                                <onclick condition="!String.IsEmpty(Skin.String(Background.Image))">Skin.Reset(Background.Image)</onclick>
                                <onclick condition="String.IsEmpty(Skin.String(Background.Image))">Skin.SetImage(Background.Image)</onclick>
                                <label2>$INFO[Skin.String(Background.Image)]</label2>
                            </include>
                            <include content="Dialog_Settings_Label" description="PVR Label">
                                <param name="id">2015</param>
                                <label>$LOCALIZE[31000]</label>
                                <visible>Container(3).HasFocus(2)</visible>
                            </include>
                            <include content="Dialog_Settings_Button" description="EPGEventIcon">
                                <param name="id">2007</param>
                                <param name="control" value="radiobutton" />
                                <label>$LOCALIZE[31190]</label>
                                <visible>Container(3).HasFocus(2)</visible>
                                <onclick>Skin.ToggleSetting(PVR.DisableEPGEventIconFanart)</onclick>
                                <selected>!Skin.HasSetting(PVR.DisableEPGEventIconFanart)</selected>
                            </include>
                            <include content="Dialog_Settings_Button" description="Invert PVR progress colour">
                                <param name="id">2008</param>
                                <param name="control" value="radiobutton" />
                                <label>$LOCALIZE[31281]</label>
                                <visible>Container(3).HasFocus(2)</visible>
                                <onclick>Skin.ToggleSetting(PVR.InvertProgressColor)</onclick>
                                <selected>Skin.HasSetting(PVR.InvertProgressColor)</selected>
                            </include>
                            <include content="Dialog_Settings_Label" description="Other Label">
                                <param name="id">2012</param>
                                <label>$LOCALIZE[29921]</label>
                                <visible>Container(3).HasFocus(2)</visible>
                            </include>
                            <include content="Dialog_Settings_Button">
                                <param name="id">2017</param>
                                <param name="control" value="button" />
                                <label>$LOCALIZE[31385]</label>
                                <visible>Container(3).HasFocus(2)</visible>
                                <onclick condition="!String.IsEmpty(Skin.String(CustomGenreIconLocation))">Skin.Reset(CustomGenreIconLocation)</onclick>
                                <onclick condition="String.IsEmpty(Skin.String(CustomGenreIconLocation))">Skin.SetPath(CustomGenreIconLocation)</onclick>
                                <label2>$VAR[Image_GenreIcon_Path]</label2>
                            </include>
                            <include content="Dialog_Settings_Button">
                                <param name="id">2016</param>
                                <param name="control" value="radiobutton" />
                                <label>$LOCALIZE[31383]</label>
                                <visible>Container(3).HasFocus(2)</visible>
                                <onclick>Skin.ToggleSetting(DisableLandscapeArt)</onclick>
                                <selected>!Skin.HasSetting(DisableLandscapeArt)</selected>
                            </include>
                            <include content="Dialog_Settings_Button">
                                <param name="id">2009</param>
                                <param name="control" value="radiobutton" />
                                <label>$LOCALIZE[31221]</label>
                                <visible>Container(3).HasFocus(2)</visible>
                                <onclick>Skin.ToggleSetting(Glass.BorderOutline)</onclick>
                                <selected>Skin.HasSetting(Glass.BorderOutline)</selected>
                            </include>


                            <!-- Navigation -->
                            <include content="Dialog_Settings_Label" description="Navigation">
                                <param name="id">3000</param>
                                <label>$LOCALIZE[31174]</label>
                                <visible>Container(3).HasFocus(3)</visible>
                            </include>
                            <include content="Dialog_Settings_Button" description="Pressing Back from EPG guide">
                                <param name="id">3001</param>
                                <param name="control" value="button" />
                                <label>$LOCALIZE[31355]</label>
                                <label2>$VAR[Label_Setting_PVRBack]</label2>
                                <visible>Container(3).HasFocus(3)</visible>
                                <onclick condition="String.IsEmpty(Skin.String(PVR.OnBack))">Skin.SetString(PVR.OnBack,Menu)</onclick>
                                <onclick condition="Skin.String(PVR.OnBack,Menu)">Skin.SetString(PVR.OnBack,Group)</onclick>
                                <onclick condition="Skin.String(PVR.OnBack,Group)">Skin.Reset(PVR.OnBack)</onclick>
                            </include>
                            <include content="Dialog_Settings_Button" description="Pressing Up from HomeMenu">
                                <param name="id">3002</param>
                                <param name="control" value="button" />
                                <label>$VAR[Label_Setting_HomeMenuDirectionPress]</label>
                                <label2>$VAR[Label_Setting_HomeMenuUp]</label2>
                                <visible>Container(3).HasFocus(3)</visible>
                                <onclick condition="String.IsEmpty(Skin.String(HomeMenu.OnUp))">Skin.SetString(HomeMenu.OnUp,PowerMenu)</onclick>
                                <onclick condition="Skin.String(HomeMenu.OnUp,PowerMenu)">Skin.SetString(HomeMenu.OnUp,None)</onclick>
                                <onclick condition="Skin.String(HomeMenu.OnUp,None)">Skin.Reset(HomeMenu.OnUp)</onclick>
                            </include>
                            <include content="Dialog_Settings_Button" description="Pressing Down from Scrollbar">
                                <param name="id">3003</param>
                                <param name="control" value="button" />
                                <label>$LOCALIZE[31205]</label>
                                <label2>$VAR[Label_Setting_RowScrollBar]</label2>
                                <visible>Container(3).HasFocus(3)</visible>
                                <onclick condition="String.IsEmpty(Skin.String(Rows.OnDown))">Skin.SetString(Rows.OnDown,Wall)</onclick>
                                <onclick condition="String.IsEqual(Skin.String(Rows.OnDown),Wall)">Skin.SetString(Rows.OnDown,Plot)</onclick>
                                <onclick condition="String.IsEqual(Skin.String(Rows.OnDown),Plot)">Skin.SetString(Rows.OnDown,Trailer)</onclick>
                                <onclick condition="String.IsEqual(Skin.String(Rows.OnDown),Trailer)">Skin.Reset(Rows.OnDown)</onclick>
                            </include>
                            <include content="Dialog_Settings_Button">
                                <param name="id">3004</param>
                                <param name="control" value="radiobutton" />
                                <label>$LOCALIZE[31339]</label>
                                <visible>Container(3).HasFocus(3)</visible>
                                <onclick>Skin.ToggleSetting(DialogInfo.FocusButtons)</onclick>
                                <selected>Skin.HasSetting(DialogInfo.FocusButtons)</selected>
                            </include>
                            <include content="Dialog_Settings_Button">
                                <param name="id">3005</param>
                                <param name="control" value="radiobutton" />
                                <label>$LOCALIZE[31332]</label>
                                <visible>Container(3).HasFocus(3)</visible>
                                <onclick>Skin.ToggleSetting(Hubs.DisableQuickSwitch)</onclick>
                                <selected>!Skin.HasSetting(Hubs.DisableQuickSwitch)</selected>
                            </include>
                            <include content="Dialog_Settings_Label" description="Kiosk Mode">
                                <param name="id">3007</param>
                                <label>$LOCALIZE[31301]</label>
                                <visible>Container(3).HasFocus(3)</visible>
                            </include>
                            <include content="Dialog_Settings_Button" description="Kiosk Mode - Hide Manage Button">
                                <param name="id">3008</param>
                                <param name="control" value="radiobutton" />
                                <label>$LOCALIZE[31302]</label>
                                <visible>Container(3).HasFocus(3)</visible>
                                <onclick>Skin.ToggleSetting(KioskMode.Management)</onclick>
                                <selected>!Skin.HasSetting(KioskMode.Management)</selected>
                            </include>
                            <include content="Dialog_Settings_Button" description="Kiosk Mode - Hide View Customisation">
                                <param name="id">3009</param>
                                <param name="control" value="radiobutton" />
                                <label>$LOCALIZE[31303]</label>
                                <visible>Container(3).HasFocus(3)</visible>
                                <onclick>Skin.ToggleSetting(KioskMode.Viewtypes)</onclick>
                                <selected>!Skin.HasSetting(KioskMode.Viewtypes)</selected>
                            </include>

                            <!-- Furniture -->
                            <include content="Dialog_Settings_Label" description="Header">
                                <param name="id">4000</param>
                                <label>$LOCALIZE[31238]</label>
                                <visible>Container(3).HasFocus(4)</visible>
                            </include>
                            <include content="Dialog_Settings_Button" description="Section label">
                                <param name="id">4001</param>
                                <param name="control" value="radiobutton" />
                                <label>$LOCALIZE[31277]</label>
                                <visible>Container(3).HasFocus(4)</visible>
                                <onclick>Skin.ToggleSetting(Furniture.DisableLeftHeader)</onclick>
                                <selected>!Skin.HasSetting(Furniture.DisableLeftHeader)</selected>
                                <!-- Reset window -->
                                <onclick>SetProperty(ReplaceWindow,skinsettings,Home)</onclick>
                                <onclick>ReplaceWindow(1197)</onclick>
                            </include>
                            <include content="Dialog_Settings_Button" description="Clock">
                                <param name="id">4002</param>
                                <param name="control" value="radiobutton" />
                                <label>$LOCALIZE[31278] / $LOCALIZE[31244]</label>
                                <visible>Container(3).HasFocus(4)</visible>
                                <onclick>Skin.ToggleSetting(Furniture.DisableRightHeader)</onclick>
                                <selected>!Skin.HasSetting(Furniture.DisableRightHeader)</selected>
                                <!-- Reset window -->
                                <onclick>SetProperty(ReplaceWindow,skinsettings,Home)</onclick>
                                <onclick>ReplaceWindow(1197)</onclick>
                            </include>
                            <include content="Dialog_Settings_Button" description="Clock Minimal">
                                <param name="id">4003</param>
                                <param name="control" value="radiobutton" />
                                <label>-  $LOCALIZE[13014]</label>
                                <visible>Container(3).HasFocus(4)</visible>
                                <onclick>Skin.ToggleSetting(Furniture.UseMinimalClock)</onclick>
                                <selected>Skin.HasSetting(Furniture.UseMinimalClock)</selected>
                                <enable>!Skin.HasSetting(Furniture.DisableRightHeader) | !Skin.HasSetting(Furniture.DisableLeftHeader)</enable>
                                <!-- Reset window -->
                                <onclick>SetProperty(ReplaceWindow,skinsettings,Home)</onclick>
                                <onclick>ReplaceWindow(1197)</onclick>
                            </include>
                            <include content="Dialog_Settings_Button" description="Weather clock">
                                <param name="id">4004</param>
                                <param name="control" value="radiobutton" />
                                <label>-  $LOCALIZE[8]</label>
                                <visible>Container(3).HasFocus(4)</visible>
                                <onclick condition="!Skin.String(WeatherClock,Small)">Skin.SetString(WeatherClock,Small)</onclick>
                                <onclick condition="Skin.String(WeatherClock,Small)">Skin.Reset(WeatherClock)</onclick>
                                <selected>Skin.String(WeatherClock,Small)</selected>
                                <enable>!Skin.HasSetting(Furniture.DisableRightHeader) + !Skin.HasSetting(Furniture.UseMinimalClock)</enable>
                            </include>
                            <include content="Dialog_Settings_Button" description="Profile image">
                                <param name="id">4005</param>
                                <param name="control" value="radiobutton" />
                                <label>-  $LOCALIZE[31195]</label>
                                <visible>Container(3).HasFocus(4)</visible>
                                <onclick>Skin.ToggleSetting(Home.ShowProfileImage)</onclick>
                                <selected>Skin.HasSetting(Home.ShowProfileImage)</selected>
                                <!-- Reset window -->
                                <onclick>SetProperty(ReplaceWindow,skinsettings,Home)</onclick>
                                <onclick>ReplaceWindow(1197)</onclick>
                                <enable>!Skin.HasSetting(Furniture.DisableRightHeader) + !Skin.HasSetting(Furniture.UseMinimalClock)</enable>
                            </include>
                            <include content="Dialog_Settings_Label" description="Footer">
                                <param name="id">4006</param>
                                <label>$LOCALIZE[31239]</label>
                                <visible>Container(3).HasFocus(4)</visible>
                            </include>
                            <include content="Dialog_Settings_Button" description="Studio">
                                <param name="id">4007</param>
                                <param name="control" value="radiobutton" />
                                <label>$LOCALIZE[31279]</label>
                                <visible>Container(3).HasFocus(4)</visible>
                                <onclick>Skin.ToggleSetting(Furniture.DisableRightFooter)</onclick>
                                <selected>!Skin.HasSetting(Furniture.DisableRightFooter)</selected>
                            </include>
                            <include content="Dialog_Settings_Button" description="MPAA Classification Country">
                                <param name="id">4008</param>
                                <param name="control" value="radiobutton" />
                                <label>$LOCALIZE[31285]</label>
                                <label2>$INFO[Skin.String(MPAA_Country),       ,       ]</label2>
                                <visible>Container(3).HasFocus(4)</visible>
                                <onclick>SetProperty(CustomDialogSettingsItems,Items_Settings_MPAACountries,Home)</onclick>
                                <onclick>SetProperty(CustomDialogSettingsTitle,$LOCALIZE[31285],Home)</onclick>
                                <onclick>ActivateWindow(1118)</onclick>
                                <selected>!String.IsEmpty(Skin.String(MPAA_Country))</selected>
                                <!-- Joseska - Menú "MPAA" no enlazado con el anterior "Iconos de estudio".  -->
                                <!-- <enable>!Skin.HasSetting(Furniture.DisableRightFooter)</enable> -->
                                <!-- FIN Joseska -->
                            </include>
                            <!-- INI Jon - Entrada de menú para selección de estilo de iconos MPAA-->
                            <include content="Dialog_Settings_Button" description="MPAA Icon style">
                                <param name="id">4016</param>
                                <param name="control" value="button" />
                                <label>$LOCALIZE[31508]</label>
                                <label2>$VAR[Label_Extras_MPAAIcons]</label2>
                                <visible>Container(3).HasFocus(4)</visible>
                                <onclick>SetProperty(CustomDialogPresetTitle,$LOCALIZE[31508],Home)</onclick>
                                <onclick>SetProperty(CustomDialogPresetItems,Items_DialogPreset_MPAAIcons,Home)</onclick>
                                <onclick>ActivateWindow(1115)</onclick>
                                <!-- condicionado a que se escoja un país de MPAA para el footer -->
                                <enable>!String.IsEmpty(Skin.String(MPAA_Country))</enable>
                            </include>
                            <!-- FIN Jon -->
                            <include content="Dialog_Settings_Button" description="Media Info">
                                <param name="id">4009</param>
                                <param name="control" value="radiobutton" />
                                <label>$LOCALIZE[31280]</label>
                                <visible>Container(3).HasFocus(4)</visible>
                                <onclick>Skin.ToggleSetting(Furniture.DisableLeftFooter)</onclick>
                                <selected>!Skin.HasSetting(Furniture.DisableLeftFooter)</selected>
                            </include>
                            <include content="Dialog_Settings_Button" description="Use text based codecs">
                                <param name="id">4010</param>
                                <param name="control" value="radiobutton" />
                                <label>-  $LOCALIZE[31333]</label>
                                <visible>Container(3).HasFocus(4)</visible>
                                <onclick>Skin.ToggleSetting(Codecs.UseTextLabels)</onclick>
                                <selected>Skin.HasSetting(Codecs.UseTextLabels)</selected>
                                <enable>!Skin.HasSetting(Furniture.DisableLeftFooter)</enable>
                            </include>
                            <include content="Dialog_Settings_Button" description="Audio Language flags">
                                <param name="id">4011</param>
                                <param name="control" value="radiobutton" />
                                <label>-  $LOCALIZE[31240]</label>
                                <visible>Container(3).HasFocus(4)</visible>
                                <onclick>Skin.ToggleSetting(Codecs.DisableAudioLanguageFlags)</onclick>
                                <selected>!Skin.HasSetting(Codecs.DisableAudioLanguageFlags)</selected>
                                <enable>!Skin.HasSetting(Furniture.DisableLeftFooter)</enable>
                            </include>
                            <include content="Dialog_Settings_Button" description="Subtitle Language flags">
                                <param name="id">4012</param>
                                <param name="control" value="radiobutton" />
                                <label>-  $LOCALIZE[31241]</label>
                                <visible>Container(3).HasFocus(4)</visible>
                                <onclick>Skin.ToggleSetting(Codecs.DisableSubtitleLanguageFlags)</onclick>
                                <selected>!Skin.HasSetting(Codecs.DisableSubtitleLanguageFlags)</selected>
                                <enable>!Skin.HasSetting(Furniture.DisableLeftFooter)</enable>
                            </include>
                            <include content="Dialog_Settings_Button" description="Media Codec Icons">
                                <param name="id">4013</param>
                                <param name="control" value="radiobutton" />
                                <label>-  $LOCALIZE[31242]</label>
                                <visible>Container(3).HasFocus(4)</visible>
                                <onclick>Skin.ToggleSetting(Codecs.DisableMediaCodecIcons)</onclick>
                                <selected>!Skin.HasSetting(Codecs.DisableMediaCodecIcons)</selected>
                                <enable>!Skin.HasSetting(Furniture.DisableLeftFooter)</enable>
                            </include>
                            <include content="Dialog_Settings_Button" description="Filename Source Icons">
                                <param name="id">4014</param>
                                <param name="control" value="radiobutton" />
                                <label>-  $LOCALIZE[31338]</label>
                                <visible>Container(3).HasFocus(4)</visible>
                                <onclick>Skin.ToggleSetting(Codecs.UseFileNameInfo)</onclick>
                                <selected>Skin.HasSetting(Codecs.UseFileNameInfo)</selected>
                                <enable>!Skin.HasSetting(Furniture.DisableLeftFooter)</enable>
                            </include>
                            <include content="Dialog_Settings_Button" description="Media Provider Icons">
                                <param name="id">4015</param>
                                <param name="control" value="radiobutton" />
                                <label>-  $LOCALIZE[31243]</label>
                                <visible>Container(3).HasFocus(4)</visible>
                                <onclick>Skin.ToggleSetting(Codecs.DisableMediaProviderIcons)</onclick>
                                <selected>!Skin.HasSetting(Codecs.DisableMediaProviderIcons)</selected>
                                <enable>!Skin.HasSetting(Furniture.DisableLeftFooter)</enable>
                            </include>

                            <!-- Behaviour / Playback -->
                            <include content="Dialog_Settings_Label" description="Behaviour">
                                <param name="id">5000</param>
                                <label>$LOCALIZE[31186]</label>
                                <visible>Container(3).HasFocus(5)</visible>
                            </include>


                            <include content="Dialog_Settings_Button" description="Vista Series alternativa">
                                <param name="id">5013</param>
                                <param name="control" value="radiobutton" />
                                <label>$LOCALIZE[31510]</label>
                                <visible>Container(3).HasFocus(5)</visible>
                                <onclick>Skin.ToggleSetting(Infoline.DisableAlternateViewSeries1)</onclick>
                                <selected>Skin.HasSetting(Infoline.DisableAlternateViewSeries1)</selected>
                            </include>


                            <include content="Dialog_Settings_Button" description="Autoscroll">
                                <param name="id">5001</param>
                                <param name="control" value="button" />
                                <label>$LOCALIZE[31187]</label>
                                <visible>Container(3).HasFocus(5)</visible>
                                <label2>$INFO[Skin.String(AutoScrollTime)]</label2>
                                <onclick>SetProperty(CustomDialogSettingsItems,Items_Settings_Autoscroll,Home)</onclick>
                                <onclick>SetProperty(CustomDialogSettingsTitle,$LOCALIZE[31185],Home)</onclick>
                                <onclick>ActivateWindow(1118)</onclick>
                            </include>
                            <include content="Dialog_Settings_Button" description="Label scrolling">
                                <param name="id">5002</param>
                                <param name="control" value="radiobutton" />
                                <label>$LOCALIZE[31245]</label>
                                <visible>Container(3).HasFocus(5)</visible>
                                <onclick>Skin.ToggleSetting(Labels.Autoscroll)</onclick>
                                <selected>Skin.HasSetting(Labels.Autoscroll)</selected>
                            </include>
                            <include content="Dialog_Settings_Button" description="Textbox scrolling">
                                <param name="id">5003</param>
                                <param name="control" value="radiobutton" />
                                <label>$LOCALIZE[31246]</label>
                                <visible>Container(3).HasFocus(5)</visible>
                                <onclick>Skin.ToggleSetting(Textboxes.DisableAutoscroll)</onclick>
                                <selected>!Skin.HasSetting(Textboxes.DisableAutoscroll)</selected>
                            </include>
                            <include content="Dialog_Settings_Button" description="Big Poster Info">
                                <param name="id">5004</param>
                                <param name="control" value="radiobutton" />
                                <label>$LOCALIZE[31272]</label>
                                <visible>Container(3).HasFocus(5)</visible>
                                <onclick>Skin.ToggleSetting(Views.DisableBigPosterRowAutoInfo)</onclick>
                                <selected>!Skin.HasSetting(Views.DisableBigPosterRowAutoInfo)</selected>
                            </include>
                            <include content="Dialog_Settings_Button" description="Plugin init">
                                <param name="id">5011</param>
                                <param name="control" value="radiobutton" />
                                <label>$LOCALIZE[31359]</label>
                                <visible>Container(3).HasFocus(5)</visible>
                                <onclick>Skin.ToggleSetting(Startup.PluginInit)</onclick>
                                <selected>Skin.HasSetting(Startup.PluginInit)</selected>
                                <enable>![Skin.HasSetting(Behaviour.waitFast) | Skin.HasSetting(Behaviour.waitMedium) | Skin.HasSetting(Behaviour.waitSlow)]</enable>
                            </include>
                            <!-- INI Jon - Entrada de menú para selección de tiempo de arranque de sistema y Palantir-->
                            <include content="Dialog_Settings_Button" description="Wait Palantir">
                                <param name="id">5014</param>
                                <param name="control" value="button" />
                                <label>$LOCALIZE[31513]</label>
                                <label2>$VAR[Label_Behaviour_WaitTime]</label2>
                                <visible>Container(3).HasFocus(5)</visible>
                                <onclick>SetProperty(CustomDialogPresetTitle,$LOCALIZE[31513],Home)</onclick>
                                <onclick>SetProperty(CustomDialogPresetItems,Items_DialogPreset_WaitPalantir,Home)</onclick>
                                <onclick>ActivateWindow(1115)</onclick>
                                <!-- condicionado a que no esté activo "Esperar que inicien plugins al arranque" -->
                                <enable>!Skin.HasSetting(Startup.PluginInit)</enable>
                            </include>
                            <!-- FIN Jon -->
                            
                            <!-- Playback -->
                            <include content="Dialog_Settings_Label" description="Playback">
                                <param name="id">5005</param>
                                <label>$LOCALIZE[14086]</label>
                                <visible>Container(3).HasFocus(5)</visible>
                            </include>
                            <include content="Dialog_Settings_Button" description="Always display stop button">
                                <param name="id">5006</param>
                                <param name="control" value="radiobutton" />
                                <label>$LOCALIZE[31182]</label>
                                <visible>Container(3).HasFocus(5)</visible>
                                <onclick>Skin.ToggleSetting(OSD.AlwaysDisplayStop)</onclick>
                                <selected>Skin.HasSetting(OSD.AlwaysDisplayStop)</selected>
                            </include>
                            <include content="Dialog_Settings_Button" description="Autoclose OSD timeout">
                                <param name="id">5007</param>
                                <param name="control" value="button" />
                                <label>$LOCALIZE[31189]</label>
                                <visible>Container(3).HasFocus(5)</visible>
                                <label2>$INFO[Skin.String(OSD_Timeout),,s]</label2>
                                <onclick>Skin.SetNumeric(OSD_Timeout)</onclick>
                            </include>
                            <include content="Dialog_Settings_Button" description="Autohide seekbar after pausing">
                                <param name="id">5008</param>
                                <param name="control" value="radiobutton" />
                                <label>$LOCALIZE[31282]</label>
                                <visible>Container(3).HasFocus(5)</visible>
                                <onclick>Skin.ToggleSetting(OSD.AutoHideOnPause)</onclick>
                                <selected>Skin.HasSetting(OSD.AutoHideOnPause)</selected>
                            </include>
                            <include content="Dialog_Settings_Button" description="Auto pop-up OSD dialogs">
                                <param name="id">5012</param>
                                <param name="control" value="radiobutton" />
                                <label>$LOCALIZE[31378]</label>
                                <visible>Container(3).HasFocus(5)</visible>
                                <onclick>Skin.ToggleSetting(OSD.DisablePopUpDialogs)</onclick>
                                <selected>!Skin.HasSetting(OSD.DisablePopUpDialogs)</selected>
                            </include>
                            <include content="Dialog_Settings_Button" description="Trailer button plays fullscreen">
                                <param name="id">5009</param>
                                <param name="control" value="radiobutton" />
                                <label>$LOCALIZE[31194]</label>
                                <visible>Container(3).HasFocus(5)</visible>
                                <onclick>Skin.ToggleSetting(VideoInfo.FullscreenTrailer)</onclick>
                                <selected>!Skin.HasSetting(VideoInfo.FullscreenTrailer)</selected>
                            </include>
                            <include content="Dialog_Settings_Button" description="Pause video when opening info from OSD">
                                <param name="id">5010</param>
                                <param name="control" value="radiobutton" />
                                <label>$LOCALIZE[31266]</label>
                                <visible>Container(3).HasFocus(5)</visible>
                                <onclick>Skin.ToggleSetting(OSD.DisablePauseOnInfo)</onclick>
                                <selected>!Skin.HasSetting(OSD.DisablePauseOnInfo)</selected>
                            </include>


                            <!-- Details -->
                            <include content="Dialog_Settings_Label" description="Details">
                                <param name="id">6000</param>
                                <label>$LOCALIZE[19033]</label>
                                <visible>Container(3).HasFocus(6)</visible>
                            </include>



							<!-- Joseska - Menu Joseska dentro de Configurar Skin - Detalles - Joseska -->
							<include content="Dialog_Settings_Button" description="CustomDialog Joseska">
                                <param name="id">6001</param>
                                <label>Extras</label>
                                <visible>Container(3).HasFocus(6)</visible>
                                <onclick>SetProperty(CustomDialogSettingsItems,Items_Settings_Joseska,Home)</onclick>
                                <onclick>SetProperty(CustomDialogSettingsTitle,Extras Settings,Home)</onclick>
                                <onclick>ActivateWindow(1118)</onclick>
                            </include>
							<!-- FIN Joseska -->
                            <include content="Dialog_Settings_Button" description="CustomDialog Indicators">
                                <param name="id">6002</param>
                                <label>$LOCALIZE[31234]</label>
                                <visible>Container(3).HasFocus(6)</visible>
                                <onclick>SetProperty(CustomDialogSettingsItems,Items_Settings_Indicators,Home)</onclick>
                                <onclick>SetProperty(CustomDialogSettingsTitle,$LOCALIZE[31235],Home)</onclick>
                                <onclick>ActivateWindow(1118)</onclick>
                            </include>
                            <include content="Dialog_Settings_Button" description="CustomDialog Recommendations">
                                <param name="id">6003</param>
                                <label>$LOCALIZE[31197]</label>
                                <visible>Container(3).HasFocus(6)</visible>
                                <onclick>SetProperty(CustomDialogSettingsItems,Items_Settings_Recommendations,Home)</onclick>
                                <onclick>SetProperty(CustomDialogSettingsTitle,$LOCALIZE[31018],Home)</onclick>
                                <onclick>ActivateWindow(1118)</onclick>
                            </include>
                            <include content="Dialog_Settings_Button" description="CustomDialog Ratings">
                                <param name="id">6004</param>
                                <label>$LOCALIZE[31198]</label>
                                <visible>Container(3).HasFocus(6)</visible>
                                <onclick>SetProperty(CustomDialogSettingsItems,Items_Settings_Ratings,Home)</onclick>
                                <onclick>SetProperty(CustomDialogSettingsTitle,$LOCALIZE[31202],Home)</onclick>
                                <onclick>ActivateWindow(1118)</onclick>
                            </include>
                            <include content="Dialog_Settings_Button" description="CustomDialog Infoline">
                                <param name="id">6005</param>
                                <label>$LOCALIZE[31268]</label>
                                <visible>Container(3).HasFocus(6)</visible>
                                <onclick>SetProperty(CustomDialogSettingsItems,Items_Settings_Infoline,Home)</onclick>
                                <onclick>SetProperty(CustomDialogSettingsTitle,$LOCALIZE[31269],Home)</onclick>
                                <onclick>ActivateWindow(1118)</onclick>
                            </include>

                            <include content="Dialog_Settings_Button" description="TMDbHelper for PVR">
                                <param name="id">6006</param>
                                <param name="control" value="radiobutton" />
                                <label>$LOCALIZE[31232]</label>
                                <visible>Container(3).HasFocus(6)</visible>
                                <onclick>Skin.ToggleSetting(TMDbHelper.DisablePVR)</onclick>
                                <selected>!Skin.HasSetting(TMDbHelper.DisablePVR)</selected>
                            </include>
                            <include content="Dialog_Settings_Button" description="Big Landscape Info">
                                <param name="id">6007</param>
                                <param name="control" value="radiobutton" />
                                <label>$LOCALIZE[31273]</label>
                                <visible>Container(3).HasFocus(6)</visible>
                                <onclick>Skin.ToggleSetting(Views.DisableBigLandscapeText)</onclick>
                                <selected>!Skin.HasSetting(Views.DisableBigLandscapeText)</selected>
                            </include>







                            <!-- Dependencies -->
                            <include content="Dialog_Settings_Label" description="Dependencies">
                                <param name="id">7000</param>
                                <label>$LOCALIZE[39024]</label>
                                <visible>Container(3).HasFocus(7)</visible>
                            </include>
                            <include content="Dialog_Settings_Button">
                                <param name="id">7001</param>
                                <param name="control" value="radiobutton" />
                                <label>plugin.video.themoviedb.helper</label>
                                <label2>$INFO[System.AddonVersion(plugin.video.themoviedb.helper),v,       ]</label2>
                                <visible>Container(3).HasFocus(7)</visible>
                                <onclick condition="!System.HasAddon(plugin.video.themoviedb.helper)">InstallAddon(plugin.video.themoviedb.helper)</onclick>
                                <onclick condition="!System.AddonIsEnabled(plugin.video.themoviedb.helper) + System.HasAddon(plugin.video.themoviedb.helper)">EnableAddon(plugin.video.themoviedb.helper)</onclick>
                                <onclick condition="System.AddonIsEnabled(plugin.video.themoviedb.helper) + System.HasAddon(plugin.video.themoviedb.helper)">Addon.OpenSettings(plugin.video.themoviedb.helper)</onclick>
                                <selected>System.AddonIsEnabled(plugin.video.themoviedb.helper) + System.HasAddon(plugin.video.themoviedb.helper)</selected>
                            </include>

                            <include content="Dialog_Settings_Button">
                                <param name="id">7002</param>
                                <param name="control" value="radiobutton" />
                                <label>script.skinshortcuts</label>
                                <label2>$INFO[System.AddonVersion(script.skinshortcuts),v,       ]</label2>
                                <visible>Container(3).HasFocus(7)</visible>
                                <onclick condition="!System.HasAddon(script.skinshortcuts)">InstallAddon(script.skinshortcuts)</onclick>
                                <onclick condition="!System.AddonIsEnabled(script.skinshortcuts) + System.HasAddon(script.skinshortcuts)">EnableAddon(script.skinshortcuts)</onclick>
                                <onclick condition="System.AddonIsEnabled(script.skinshortcuts) + System.HasAddon(script.skinshortcuts)">Addon.OpenSettings(script.skinshortcuts)</onclick>
                                <selected>System.AddonIsEnabled(script.skinshortcuts) + System.HasAddon(script.skinshortcuts)</selected>
                            </include>

                            <include content="Dialog_Settings_Button">
                                <param name="id">7003</param>
                                <param name="control" value="radiobutton" />
                                <label>script.skinvariables</label>
                                <label2>$INFO[System.AddonVersion(script.skinvariables),v,       ]</label2>
                                <visible>Container(3).HasFocus(7)</visible>
                                <onclick condition="!System.HasAddon(script.skinvariables)">InstallAddon(script.skinvariables)</onclick>
                                <onclick condition="!System.AddonIsEnabled(script.skinvariables) + System.HasAddon(script.skinvariables)">EnableAddon(script.skinvariables)</onclick>
                                <onclick condition="System.AddonIsEnabled(script.skinvariables) + System.HasAddon(script.skinvariables)">Addon.OpenSettings(script.skinvariables)</onclick>
                                <selected>System.AddonIsEnabled(script.skinvariables) + System.HasAddon(script.skinvariables)</selected>
                            </include>

                            <include content="Dialog_Settings_Button">
                                <param name="id">7004</param>
                                <param name="control" value="radiobutton" />
                                <label>script.texturemaker</label>
                                <label2>$INFO[System.AddonVersion(script.texturemaker),v,       ]</label2>
                                <visible>Container(3).HasFocus(7)</visible>
                                <onclick condition="!System.HasAddon(script.texturemaker)">InstallAddon(script.texturemaker)</onclick>
                                <onclick condition="!System.AddonIsEnabled(script.texturemaker) + System.HasAddon(script.texturemaker)">EnableAddon(script.texturemaker)</onclick>
                                <onclick condition="System.AddonIsEnabled(script.texturemaker) + System.HasAddon(script.texturemaker)">Addon.OpenSettings(script.texturemaker)</onclick>
                                <selected>System.AddonIsEnabled(script.texturemaker) + System.HasAddon(script.texturemaker)</selected>
                            </include>

                            <include content="Dialog_Settings_Button">
                                <param name="id">7005</param>
                                <param name="control" value="radiobutton" />
                                <label>script.artistslideshow</label>
                                <label2>$INFO[System.AddonVersion(script.artistslideshow),v,       ]</label2>
                                <visible>Container(3).HasFocus(7)</visible>
                                <onclick condition="!System.HasAddon(script.artistslideshow)">InstallAddon(script.artistslideshow)</onclick>
                                <onclick condition="!System.AddonIsEnabled(script.artistslideshow) + System.HasAddon(script.artistslideshow)">EnableAddon(script.artistslideshow)</onclick>
                                <onclick condition="System.AddonIsEnabled(script.artistslideshow) + System.HasAddon(script.artistslideshow)">Addon.OpenSettings(script.artistslideshow)</onclick>
                                <selected>System.AddonIsEnabled(script.artistslideshow) + System.HasAddon(script.artistslideshow)</selected>
                            </include>

                            <include content="Dialog_Settings_Button">
                                <param name="id">7006</param>
                                <param name="control" value="radiobutton" />
                                <label>resource.images.arctic.waves</label>
                                <label2>$INFO[System.AddonVersion(resource.images.arctic.waves),v,       ]</label2>
                                <visible>Container(3).HasFocus(7)</visible>
                                <onclick condition="!System.HasAddon(resource.images.arctic.waves)">InstallAddon(resource.images.arctic.waves)</onclick>
                                <onclick condition="!System.AddonIsEnabled(resource.images.arctic.waves) + System.HasAddon(resource.images.arctic.waves)">EnableAddon(resource.images.arctic.waves)</onclick>
                                <onclick condition="System.AddonIsEnabled(resource.images.arctic.waves) + System.HasAddon(resource.images.arctic.waves)">Addon.OpenSettings(resource.images.arctic.waves)</onclick>
                                <selected>System.AddonIsEnabled(resource.images.arctic.waves) + System.HasAddon(resource.images.arctic.waves)</selected>
                            </include>

                            <include content="Dialog_Settings_Button">
                                <param name="id">7007</param>
                                <param name="control" value="radiobutton" />
                                <label>resource.images.moviegenreicons.transparent</label>
                                <label2>$INFO[System.AddonVersion(resource.images.moviegenreicons.transparent),v,       ]</label2>
                                <visible>Container(3).HasFocus(7)</visible>
                                <onclick condition="!System.HasAddon(resource.images.moviegenreicons.transparent)">InstallAddon(resource.images.moviegenreicons.transparent)</onclick>
                                <onclick condition="!System.AddonIsEnabled(resource.images.moviegenreicons.transparent) + System.HasAddon(resource.images.moviegenreicons.transparent)">EnableAddon(resource.images.moviegenreicons.transparent)</onclick>
                                <onclick condition="System.AddonIsEnabled(resource.images.moviegenreicons.transparent) + System.HasAddon(resource.images.moviegenreicons.transparent)">Addon.OpenSettings(resource.images.moviegenreicons.transparent)</onclick>
                                <selected>System.AddonIsEnabled(resource.images.moviegenreicons.transparent) + System.HasAddon(resource.images.moviegenreicons.transparent)</selected>
                            </include>

                            <include content="Dialog_Settings_Button">
                                <param name="id">7008</param>
                                <param name="control" value="radiobutton" />
                                <label>resource.images.moviegenreicons.horizon</label>
                                <label2>$INFO[System.AddonVersion(resource.images.moviegenreicons.horizon),v,       ]</label2>
                                <visible>Container(3).HasFocus(7)</visible>
                                <onclick condition="!System.HasAddon(resource.images.moviegenreicons.horizon)">InstallAddon(resource.images.moviegenreicons.horizon)</onclick>
                                <onclick condition="!System.AddonIsEnabled(resource.images.moviegenreicons.horizon) + System.HasAddon(resource.images.moviegenreicons.horizon)">EnableAddon(resource.images.moviegenreicons.horizon)</onclick>
                                <onclick condition="System.AddonIsEnabled(resource.images.moviegenreicons.horizon) + System.HasAddon(resource.images.moviegenreicons.horizon)">Addon.OpenSettings(resource.images.moviegenreicons.horizon)</onclick>
                                <selected>System.AddonIsEnabled(resource.images.moviegenreicons.horizon) + System.HasAddon(resource.images.moviegenreicons.horizon)</selected>
                            </include>

                            <include content="Dialog_Settings_Button">
                                <param name="id">7009</param>
                                <param name="control" value="radiobutton" />
                                <label>resource.images.weatherfanart.multi</label>
                                <label2>$INFO[System.AddonVersion(resource.images.weatherfanart.multi),v,       ]</label2>
                                <visible>Container(3).HasFocus(7)</visible>
                                <onclick condition="!System.HasAddon(resource.images.weatherfanart.multi)">InstallAddon(resource.images.weatherfanart.multi)</onclick>
                                <onclick condition="!System.AddonIsEnabled(resource.images.weatherfanart.multi) + System.HasAddon(resource.images.weatherfanart.multi)">EnableAddon(resource.images.weatherfanart.multi)</onclick>
                                <onclick condition="System.AddonIsEnabled(resource.images.weatherfanart.multi) + System.HasAddon(resource.images.weatherfanart.multi)">Addon.OpenSettings(resource.images.weatherfanart.multi)</onclick>
                                <selected>System.AddonIsEnabled(resource.images.weatherfanart.multi) + System.HasAddon(resource.images.weatherfanart.multi)</selected>
                            </include>

                            <include content="Dialog_Settings_Button">
                                <param name="id">7010</param>
                                <param name="control" value="radiobutton" />
                                <label>resource.images.moviecountryicons.maps</label>
                                <label2>$INFO[System.AddonVersion(resource.images.moviecountryicons.maps),v,       ]</label2>
                                <visible>Container(3).HasFocus(7)</visible>
                                <onclick condition="!System.HasAddon(resource.images.moviecountryicons.maps)">InstallAddon(resource.images.moviecountryicons.maps)</onclick>
                                <onclick condition="!System.AddonIsEnabled(resource.images.moviecountryicons.maps) + System.HasAddon(resource.images.moviecountryicons.maps)">EnableAddon(resource.images.moviecountryicons.maps)</onclick>
                                <onclick condition="System.AddonIsEnabled(resource.images.moviecountryicons.maps) + System.HasAddon(resource.images.moviecountryicons.maps)">Addon.OpenSettings(resource.images.moviecountryicons.maps)</onclick>
                                <selected>System.AddonIsEnabled(resource.images.moviecountryicons.maps) + System.HasAddon(resource.images.moviecountryicons.maps)</selected>
                            </include>

                            <include content="Dialog_Settings_Button">
                                <param name="id">7011</param>
                                <param name="control" value="radiobutton" />
                                <label>resource.images.studios.white</label>
                                <label2>$INFO[System.AddonVersion(resource.images.studios.white),v,       ]</label2>
                                <visible>Container(3).HasFocus(7)</visible>
                                <onclick condition="!System.HasAddon(resource.images.studios.white)">InstallAddon(resource.images.studios.white)</onclick>
                                <onclick condition="!System.AddonIsEnabled(resource.images.studios.white) + System.HasAddon(resource.images.studios.white)">EnableAddon(resource.images.studios.white)</onclick>
                                <onclick condition="System.AddonIsEnabled(resource.images.studios.white) + System.HasAddon(resource.images.studios.white)">Addon.OpenSettings(resource.images.studios.white)</onclick>
                                <selected>System.AddonIsEnabled(resource.images.studios.white) + System.HasAddon(resource.images.studios.white)</selected>
                            </include>

                            <include content="Dialog_Settings_Button">
                                <param name="id">7030</param>
                                <param name="control" value="radiobutton" />
                                <label>service.upnext</label>
                                <label2>$INFO[System.AddonVersion(service.upnext),v,       ]</label2>
                                <visible>Container(3).HasFocus(7)</visible>
                                <onclick condition="!System.HasAddon(service.upnext)">InstallAddon(service.upnext)</onclick>
                                <onclick condition="!System.AddonIsEnabled(service.upnext) + System.HasAddon(service.upnext)">EnableAddon(service.upnext)</onclick>
                                <onclick condition="System.AddonIsEnabled(service.upnext) + System.HasAddon(service.upnext)">Addon.OpenSettings(service.upnext)</onclick>
                                <selected>System.AddonIsEnabled(service.upnext) + System.HasAddon(service.upnext)</selected>
                            </include>

                            <include content="Dialog_Settings_Label" description="Debug">
                                <param name="id">7090</param>
                                <label>$LOCALIZE[14260]</label>
                                <visible>Container(3).HasFocus(7)</visible>
                            </include>
                            <include content="Dialog_Settings_Button" description="Debug Info">
                                <param name="id">7091</param>
                                <param name="control" value="radiobutton" />
                                <label>$LOCALIZE[19033]</label>
                                <visible>Container(3).HasFocus(7)</visible>
                                <onclick>Skin.ToggleSetting(DebugInfo)</onclick>
                                <selected>Skin.HasSetting(DebugInfo)</selected>
                            </include>
                            <include content="Dialog_Settings_Button" description="Debug Grid">
                                <param name="id">7092</param>
                                <param name="control" value="radiobutton" />
                                <label>$LOCALIZE[31223]</label>
                                <visible>Container(3).HasFocus(7)</visible>
                                <onclick>Skin.ToggleSetting(DebugGrid)</onclick>
                                <selected>Skin.HasSetting(DebugGrid)</selected>
                            </include>

                            <!-- Thanks -->
                            <include content="Dialog_Settings_Label" description="Thanks">
                                <param name="id" value="8000" />
                                <label>$LOCALIZE[31350]</label>
                                <visible>Container(3).HasFocus(8)</visible>
                            </include>
                            <control type="textbox" id="8001">
                                <font>font_mini_plot</font>
                                <textcolor>dialog_fg_70</textcolor>
                                <top>20</top>
                                <height>500</height>
                                <label>Thanks to everyone who has submitted a bug report or feature request. In particular, thank-you to those who have contributed PRs for language translations and bugfixes: peat80 Havokdan berkhornet kcook98765 MoojMidge showkubii peppernair skittles9823 krzysztofwinnik drdirty60 psp2111-ADSLGATE Zurg-97 r-figu alKODIque Kayzels ViewAfterReview ray2301 Dis90. Plus a huge shout-out to drinfernoo for helping setup my repo and all the support over the years.[CR][CR]To all my amazing supporters on Ko-fi, thank-you![CR]Blurayx Anthrax DanielSanchez Leo meesterexx roidy manfeed PizzaPino dolbel Tobby Kagz DrFireStarterBilly Qirat77 Darkmantom TomH richieNZ99 Brambo onlytanmoy reddituser aemstel mash2k3 chopp8 Homeslixe Rimma JacopoV ray2301 stelcodes eengert alKODIque Tee77 Ch3dd4rGoblin silentscreamiong Jshn Ian JP RZ daviddia5 Jathlon77 SteveF George sito1961 devolute f39 nevermind Shone TechXXX c0ncr3t0 tim Tiago IG Spork lhimo DROIDsheild Blacky Bindou Velimir ronaldoA8ff Omar_alhajlh pferreira1906 Andrea1998 Mr-7mdan pakraider Nipius Nathan valleycake adamosborne83[CR][CR]If I've forgotten anyone please let me know!</label>
                                <visible>Container(3).HasFocus(8)</visible>
                                <left>grid_x04</left>
                                <right>grid_x04</right>
                            </control>

                            <!-- Recauchutado TEAM -->
                            <include content="Dialog_Settings_Label" description="Recauchutado TEAM">
                                <param name="id" value="9000" />
                                <label>Soporte Horizon 2 Recauchutado</label>
                                <visible>Container(3).HasFocus(9)</visible>
                            </include>
                            <control type="textbox" id="9001">
                                <font>font_mini_plot</font>
                                <textcolor>dialog_fg_70</textcolor>
                                <top>20</top>
                                <height>100</height>
                                <label>Enlace al Tutorial de instalación y configuración.[CR]https://telegra.ph/AH2-Tutorial-02-02</label>
                                <visible>Container(3).HasFocus(9)</visible>
                                <left>grid_x04</left>
                                <right>grid_x04</right>
                            </control>
                            <control type="image">
                                <texture background="true" diffuse="$PARAM[diffuse]">otros/TutorialAH2Recauchutado.png</texture>
                                <aspectratio scalediffuse="true">keep</aspectratio>
                                <visible>Container(3).HasFocus(9)</visible>
                                <left>grid_x04</left>
                                <right>grid_x04</right>
                                <top>-5</top>
                                <width>180</width>
                                <height>180</height>
                            </control>
                            <!-- <control type="textbox" id="9001">
                                <font>font_mini_plot</font>
                                <textcolor>dialog_fg_70</textcolor>
                                <top>20</top>
                                <height>300</height>
                                <label>Enlace al repositorio y al changelog.[CR]https://joseska.github.io/repositorio.joseska/</label>
                                <visible>Container(3).HasFocus(9)</visible>
                                <left>grid_x04</left>
                                <right>grid_x04</right>
                            </control>
                            <control type="image">
                                <texture background="true">otros/TutorialAH2Recauchutado.png</texture>
                                <aspectratio scalediffuse="true">keep</aspectratio>
                                <visible>Container(3).HasFocus(9)</visible>
                                <left>250</left>
                                <top>10</top>
                                <width>250</width>
                                <height>250</height>
                            </control> -->

                        </control>
                    </include>

                </include>
            </include>
        </include>
        <include content="View_Furniture_Top">
            <param name="powermenu_button">true</param>
        </include>
    </controls>

</window>
