<?xml version="1.0" encoding="UTF-8"?>
<includes>
    <include name="Vert_Red_Line">
        <control type="image">
            <top>-1</top>
            <height>1</height>
            <texture colordiffuse="44ff0000">common/white.png</texture>
        </control>
    </include>

    <include name="Vert_Red_Line_5">
        <include>Vert_Red_Line</include>
        <include>Vert_Red_Line</include>
        <include>Vert_Red_Line</include>
        <include>Vert_Red_Line</include>
        <include>Vert_Red_Line</include>
    </include>

    <include name="Horz_Red_Line">
        <control type="image">
            <left>-1</left>
            <width>1</width>
            <texture colordiffuse="44ff0000">common/white.png</texture>
        </control>
    </include>

    <include name="Horz_Red_Line_5">
        <include>Horz_Red_Line</include>
        <include>Horz_Red_Line</include>
        <include>Horz_Red_Line</include>
        <include>Horz_Red_Line</include>
        <include>Horz_Red_Line</include>
    </include>


    <include name="Overlay_InfoLabel">
        <definition>
            <control type="button" id="$PARAM[id]">
                <nested />
                <texturenofocus colordiffuse="panel_bg">common/white.png</texturenofocus>
                <textoffsetx>0</textoffsetx>
                <aligny>center</aligny>
                <height>27</height>
                <font>font_debug</font>
                <align>left</align>
                <textcolor>magenta</textcolor>
                <width>auto</width>
            </control>
        </definition>
    </include>
</includes>