<addon id="skin.arctic.horizon.2.recauchutado" name="Arctic Horizon 2 Recauchutado" provider-name="Team Recauchutado" version="0.3.1.2">
    <requires>
        <import addon="xbmc.gui" version="5.15.0" />
        <import addon="script.skinshortcuts" version="0.4.0" />
        <import addon="script.skinvariables" version="1.0.0" />
        <import addon="script.texturemaker" version="0.2.8" />
        <import addon="plugin.video.themoviedb.helper" version="95.2.21~nexus" />
        <import addon="resource.images.weathericons.white" version="0.0.1" />
        <import addon="resource.images.studios.coloured" version="0.0.1" />
        <import addon="resource.font.robotocjksc" version="0.0.1" />
        <import addon="script.wikipedia" version="0.0.6" />
    </requires>
    <extension debugging="false" defaultthemename="Textures.xbt" effectslowdown="1" point="xbmc.gui.skin">
        <res aspect="16:9" default="true" folder="1080i" height="1080" width="1920" />
    </extension>
    <extension point="xbmc.service" library="service.py" start="startup" />
    <extension point="xbmc.addon.metadata">
        <summary lang="en">Minimal. Classic. Gradients. Widgets.</summary>
		<summary lang="es_ES">Mínimo. Clásico. Gradientes. Widgets.</summary>
        <description lang="en">Mod del famoso Arctic Horizon 2 de Jurialmunkey, adaptado para funcionar con otros addons y con algunas mejoras adicionales</description>
		<description lang="es_ES">Mod del famoso Arctic Horizon 2 de Jurialmunkey, adaptado para funcionar con otros addons y con algunas mejoras adicionales</description>
		<disclaimer lang="es_ES">Todos los honores para jurialmunkey y su Arctic Horizon 2</disclaimer>
        <platform>all</platform>
        <license>Creative Commons Attribution Non-Commercial Share-Alike 4.0</license>
        <forum />
        <source />
		<news>Versión 0.3.1.2 - 11/04/2024
- [x] Menús por defecto para Palantir en instalación nueva. Permitirá que en futuras actualizaciones de Palantir podamos actualizar los enlaces de los widgets y compartirlos con una nueva versión sin mayores dolores de cabeza para gente que no se quieran complicar, o como base para los que sí.
- [x] Botón de reset de menús que permite restablecer los menús por defecto del punto anterior (se perderá la configuración hecha por el usuario). En ajustes de la skin - Detalles - Extras, la opción que dice "¡CUIDADO!" 😉
- [x] Posibilidad de hacer una copia/restauración de la configuración de menús de todas las skin modificadas por el usuario (dependiente de SO, no se puede pasar de PC a Android y viceversa ya que puede contener rutas absolutas). Requiere de los plugins Skin Helper Service y Skin Helper Service Skin Backup (en repositorio de Marcelveldt, disponible en Luar).
- [x] Actualizar Palantir en el Menú Rápido.
		</news>
        <assets>
            <icon>icon.png</icon>
            <fanart>fanart.jpg</fanart>
        </assets>
    </extension>
</addon>
