<?xml version="1.0" encoding="UTF-8" standalone="yes"?>
<addon id="repositorio.joseska" name="repositorio.joseska" version="0.1.5" provider-name="joseska">
    <extension point="xbmc.addon.repository" name="Example Repository">
        <dir>
            <info compressed="false">https://raw.githubusercontent.com/joseska/repositorio.joseska/master/repo/zips/addons.xml</info>
            <checksum>https://raw.githubusercontent.com/joseska/repositorio.joseska/master/repo/zips/addons.xml.md5</checksum>
            <datadir zip="true">https://raw.githubusercontent.com/joseska/repositorio.joseska/master/repo/zips/</datadir>
        </dir>
    </extension>
    <extension point="xbmc.addon.metadata">
        <summary>repositorio.joseska</summary>
        <description>Repositorio de joseska</description>
        <disclaimer></disclaimer>
        <platform>all</platform>
        <assets>
            <icon>icon.png</icon>
            <fanart>fanart.jpg</fanart>
        </assets>
    </extension>
</addon>