<?xml version="1.0" encoding="UTF-8"?>
<window type="window" id="1198">
    <onload>AlarmClock(RepWin,SetFocus(9002),00:01,silent)</onload>
    <onload condition="String.IsEmpty(Window.Property(ReloadDone))">SetProperty(InitStatus,$LOCALIZE[31145])</onload>

    <!-- Set default settings -->
    <onload condition="String.IsEmpty(Skin.String(BackgroundStyle))">Skin.SetString(BackgroundStyle,Fanart)</onload>
    <onload condition="String.IsEmpty(Skin.String(ForegroundStyle))">Skin.SetString(ForegroundStyle,None)</onload>

    <!-- Start TMDbH service -->
    <onload condition="String.IsEmpty(Window.Property(ReloadDone))">Skin.SetBool(TMDbHelper.Service)</onload>
    <onload condition="String.IsEmpty(Window.Property(ReloadDone))">Skin.SetBool(TMDbHelper.UseLocalWidgetContainer)</onload>
    <onload condition="String.IsEmpty(Window.Property(ReloadDone))">Skin.SetString(TMDbHelper.MonitorContainer,99950)</onload>

    <!-- Build includes for textures / views / menus -->
    <include condition="String.IsEmpty(Window.Property(ReloadDone))">Action_BuildTextures_Onload</include>
    <onload condition="String.IsEmpty(Window.Property(ReloadDone))">RunScript(script.skinvariables,action=buildviews)</onload>
    <onload condition="!String.IsEmpty(Window.Property(ReloadDone))">SetProperty(InitStatus,$LOCALIZE[31248])</onload>
    <onload>SetProperty(ReloadDone,1)</onload>
    <onload>SetProperty(ReloadDone,1,Home)</onload>

    <controls>
        <include content="Object_Hidden_List" condition="Skin.HasSetting(Startup.PluginInit)">
            <param name="id">8000</param>
            <content>plugin://plugin.video.themoviedb.helper/?info=popular&amp;tmdb_type=movie</content>
        </include>
        <!-- <include content="Object_Hidden_List" condition="Skin.HasSetting(Startup.PluginInit)">
            <param name="id">8001</param>
            <content>plugin://plugin.video.palantir3</content>
        </include> -->
        <control type="button" id="9001">
            <texturefocus />
            <texturenofocus />
            <onfocus condition="[System.HasPVRAddon + !PVR.HasTVChannels + !Pvr.HasRadioChannels]">SetProperty(InitStatus,$LOCALIZE[31249])</onfocus>
            <onfocus condition="![System.HasPVRAddon + !PVR.HasTVChannels + !Pvr.HasRadioChannels]">SetProperty(InitStatus,$LOCALIZE[31358])</onfocus>
            <!-- <onfocus condition="![System.HasPVRAddon + !PVR.HasTVChannels + !Pvr.HasRadioChannels]">SetProperty(InitStatus,$LOCALIZE[31513])</onfocus> -->
            <onfocus>AlarmClock(RepWin,SetFocus(9002),00:01,silent)</onfocus>
            
        </control>
        <control type="button" id="9002">
            <texturefocus />
            <texturenofocus />
            <onfocus condition="[System.HasPVRAddon + !PVR.HasTVChannels + !Pvr.HasRadioChannels] | [Skin.HasSetting(Startup.PluginInit) + Container(8000).IsUpdating]">AlarmClock(ReFocus,SetFocus(9001),00:00,silent)</onfocus>
            <!-- <onfocus condition="[System.HasPVRAddon + !PVR.HasTVChannels + !Pvr.HasRadioChannels] | [Skin.HasSetting(Startup.PluginInit) + Container(8000).IsUpdating] | [Skin.HasSetting(Startup.PluginInit) + Container(8001).IsUpdating">AlarmClock(ReFocus,SetFocus(9001),00:00,silent)</onfocus> -->
            <onfocus>AlarmClock(RepWin,ReplaceWindow($INFO[System.StartupWindow]),00:01,silent)</onfocus>
        </control>
        <control type="group">
            <include>Background_StartUp</include>
            <include>Object_StartUp_Logo</include>
            <control type="label">
                <centertop>765</centertop>
                <height>40</height>
                <aligny>center</aligny>
                <align>center</align>
                <textcolor>main_logo</textcolor>
                <label>$INFO[Window.Property(InitStatus)]...</label>

            </control>
            <control type="group">
                <centertop>700</centertop>
                <height>80</height>
                <include content="Object_BusySpinner">
                    <param name="colordiffuse" value="main_fg" />
                    <param name="haslabel" value="false" />
                </include>
            </control>
        </control>

        <include>Furniture_Top_Right</include>
    </controls>
</window>