<?xml version="1.0" encoding="UTF-8"?>
<window>
    <include>Animation_Fullscreen_Media</include>
    <onload>ClearProperty(OSDRelaunchFullscreen,Home)</onload>
    <!-- joseska - Si viene de 9802 o de 7001 en fullscreen para volver al mismo sitio  -->
    <onunload condition="String.IsEqual(Window(Home).Property(vista9802),Si)">AlarmClock(loadinfo1,Action(Info),00:00,silent)</onunload>
    <onunload condition="String.IsEqual(Window(Home).Property(vista9802),Si)">AlarmClock(loadinfo2,SetFocus(9802),00:01,silent)</onunload>
    <onunload>AlarmClock(loadinfo3,ClearProperty(vista9802,Home),00:02,silent)</onunload>
    <!-- FIN Joseska  -->
    <controls>
        <control type="grouplist" id="0">
            <orientation>vertical</orientation>
            <centertop>100</centertop>
            <height>120</height>
            <left>80</left>
            <include content="Overlay_InfoLabel">
                <param name="id" value="10" />
                <textcolor>panel_fg_100</textcolor>
                <textoffsetx>10</textoffsetx>
                <font>font_mini</font>
            </include>
            <include content="Overlay_InfoLabel">
                <param name="id" value="11" />
                <textcolor>panel_fg_100</textcolor>
                <textoffsetx>10</textoffsetx>
                <font>font_mini</font>
            </include>
            <include content="Overlay_InfoLabel">
                <param name="id" value="12" />
                <textcolor>panel_fg_100</textcolor>
                <textoffsetx>10</textoffsetx>
                <font>font_mini</font>
            </include>
        </control>
    </controls>
</window>