<shortcuts>
	<shortcut>
		<defaultID>seriesenseguimientofull</defaultID>
		<label>Series en Seguimiento</label>
		<label2>Add-on de Vídeo</label2>
		<icon>$VAR[SeriesIcon]</icon>
		<thumb>$VAR[SeriesIcon]</thumb>
		<action>ActivateWindow(Videos,"$VAR[SeriesSeguimientoPath]",return)</action>
		<disabled>true</disabled>
		</shortcut>
	<shortcut>
		<defaultID />
		<label>Ver más tarde Series</label>
		<label2>Add-on de Vídeo</label2>
		<icon>$VAR[TraktIcon]</icon>
		<thumb>$VAR[TraktIcon]</thumb>
		<action>ActivateWindow(Videos,"$VAR[TraktPath]",return)</action>
		</shortcut>
	<shortcut>
		<defaultID />
		<label>Listas Trakt.tv</label>
		<label2>Add-on de Vídeo</label2>
		<icon>$VAR[TraktIcon]</icon>
		<thumb>$VAR[TraktIcon]</thumb>
		<action>ActivateWindow(Videos,"$VAR[TraktPath]",return)</action>
		</shortcut>
</shortcuts>